Model,Perplexity,BLEU,ROUGE,TOPSIS_Score,Rank
DialoGPT,40,0.35,0.45,0.5856893391768996,3.0
BlenderBot,38,0.38,0.48,0.7910545827099861,2.0
GPT-3,35,0.4,0.5,1.0,1.0
Meena,42,0.36,0.46,0.5387493154690813,4.0
LaMDA,48,0.33,0.42,0.14495021855882503,5.0
Siri,50,0.32,0.4,0.0,6.0
