Model,Rouge_Scores,Length_of_Summary,Training_Time,TOPSIS_Score,Rank
RoBERTa,0.77,133,10,0.6734585595004775,4.0
ELECTRA,0.79,137,11,0.6184180365140955,5.0
DistilBERT,0.72,125,7,0.7224099629832248,2.0
ALBERT,0.81,142,13,0.48278992092867906,7.0
GPT-2,0.76,132,9,0.7145753139381408,3.0
CTRL,0.74,128,8,0.7290905025703829,1.0
BART,0.83,148,15,0.36384491898343946,8.0
T5,0.8,135,12,0.5698815911104639,6.0
Pegasus,0.85,155,18,0.27759003701677537,9.0
